,danceability,energy,loudness,speechiness,acousticness,instrumentalness,liveness,valence,tempo,artist_id
0,0.6783333333333332,0.5990000000000001,-7.700191256830598,0.0890612021857923,0.34207907103825136,0.0886203527322404,0.18064371584699448,0.4922071038251366,119.07832786885244,21UPYSRWFKwtqvSAnFnSvS
1,0.5612094240837693,0.5985811518324607,-6.391596858638748,0.17616649214659674,0.31534979057591617,0.009151627643979051,0.1896759162303664,0.4588832460732987,115.7251570680628,0cGUm45nv7Z6M6qdXYQGTX
2,0.7190697674418607,0.7056976744186046,-5.9570465116279046,0.10030232558139536,0.2025360348837209,0.009981950232558141,0.15196511627906978,0.5235627906976744,111.85320930232557,4F4pp8NUW08JuXwnoxglpN
3,0.6016954732510292,0.801263374485597,-4.458728395061724,0.0904378600823045,0.08713171069958843,0.03170584222222224,0.19489465020576144,0.5172876543209873,125.94315637860072,25uiPmTg16RbhZWAqwLBy5
4,0.4759166666666667,0.32866666666666666,-12.807416666666667,0.05285,0.3389166666666667,0.3713416666666667,0.14960833333333334,0.19905833333333334,113.21641666666666,04WGKyAt0klDPxUw2roFfi
5,0.6007350427350427,0.5009487179487178,-8.426811965811966,0.08433333333333334,0.5133631623931625,0.0019873499145299143,0.2609923076923078,0.4986769230769231,117.18458119658115,70kkdajctXSbqSMJbQO424
6,0.4321325301204817,0.6787694779116461,-8.501722891566262,0.055624899598393576,0.1617300370682731,0.2747006535742971,0.2340526104417671,0.4316710843373493,125.13412449799202,3inCNiUr4R6XQ3W43s9Aqi
7,0.4831755725190841,0.7753129770992362,-5.8157709923664145,0.06337022900763357,0.1587961679389313,0.21890430732824426,0.2363198473282442,0.4067717557251909,128.49306870229015,5INjqkS1o8h1imAzPqGZBb
8,0.6389153846153843,0.5295335664335666,-9.146503496503497,0.11383006993006993,0.2495002447552447,0.08368352706293702,0.21336713286713285,0.4363517482517482,119.64935664335665,5szilpXHcwOqnyKLqGco5j
9,0.5145416666666667,0.83875,-3.7,0.06067916666666667,0.006859158333333335,0.059770075833333325,0.13408333333333336,0.6459999999999999,158.855,13dTrWNNrnZ3AkgNyQNKP5
10,0.3963008130081301,0.4169414634146341,-9.468788617886174,0.034582926829268314,0.4759064634146342,0.13850964398373986,0.1383544715447155,0.22201219512195125,111.02400813008134,2wJ4vsxWd7df7dRU4KcoDe
11,0.3734563106796117,0.6330145631067965,-8.972592233009706,0.03931067961165048,0.16928243970873785,0.2650231796116506,0.16041893203883498,0.3253330097087377,123.1911262135922,5rLsN2LxYaEPLa1N7I2mPB
12,0.6394315789473686,0.6451052631578947,-5.63954736842105,0.07684105263157896,0.2898290526315788,0.00928781252631579,0.1302610526315789,0.4991757894736839,112.08848421052627,1MIVXf74SZHmTIp4V4paH4
13,0.5840294117647059,0.6045382352941175,-10.298544117647063,0.11528088235294115,0.39968473529411785,0.1904270448529412,0.24114558823529425,0.31511470588235296,123.69904411764708,4oLeXFyACqeem2VImYeBFe
14,0.578046583850932,0.6865062111801246,-9.275472049689439,0.1317198757763976,0.1974463420496893,0.4218848495652172,0.2425180124223605,0.4559913043478264,126.47772981366457,5CE2IfdYZEQGIDsfiRm8SI
15,0.4481063829787236,0.9061063829787236,-3.9501489361702142,0.060878723404255326,0.043225335744680835,0.10901203638297872,0.2386212765957447,0.41797872340425546,137.26225531914895,2BVE7Pqd8kxv9xEsuvoJoE
16,0.472901689189189,0.4802983108108108,-12.20517229729729,0.050466891891891866,0.5663593181418921,0.6175917449324325,0.15087702702702688,0.4309503378378381,118.74989527027029,5hAhrnb0Ch4ODwWu4tsbpi
17,0.5943333333333335,0.6712857142857145,-5.9482857142857135,0.23244285714285706,0.17436374603174598,0.017621473492063503,0.26236825396825403,0.5555587301587303,134.4874444444444,6PfSUFtkMVoDkx4MQkzOi3
18,0.2628700000000001,0.8389807692307689,-6.5574653846153845,0.0806953846153847,0.12712296761538452,0.1962974196153846,0.2645846153846153,0.3495757692307694,133.30602692307693,267VY6GX5LyU5c9M85ECZQ
19,0.4379285714285714,0.4071428571428572,-10.338642857142855,0.02752678571428571,0.4282428571428571,0.6097642857142861,0.11581964285714295,0.21208392857142866,108.67617857142857,1QAJqy2dA3ihHBFIHRphZj
20,0.6041666666666666,0.5435995555555556,-9.843600000000002,0.039733333333333336,0.3293362222222222,0.3337314888888889,0.14688888888888893,0.29348888888888885,113.33662222222219,7p7YeMEkvlFLwiNlm1Zt7C
21,0.78009375,0.73734375,-5.715468749999998,0.09635625000000003,0.16764968750000006,0.0027603178125,0.13941874999999998,0.8118125000000002,132.58959375000003,6QqLYrbjh5CnfMG7z5r96E
22,0.5370458015267173,0.6598679389312976,-8.799572519083977,0.11103969465648852,0.22996899541984755,0.3513162949618324,0.2609374045801525,0.28307251908396946,120.40641984732828,3n8qeKQViV1waeCzZmS4Tx
23,0.5168,0.58618,-9.478340000000003,0.07746399999999999,0.31076308,0.2025261744,0.2009799999999999,0.434432,144.17211999999995,3uwAm6vQy7kWPS2bciKWx9
24,0.5672678571428571,0.8205982142857138,-3.751482142857143,0.09637500000000004,0.12793359464285714,0.00041561973214285713,0.20683571428571426,0.4712410714285714,108.95417857142859,2KEqzdPS7M5YwGmiuPTdr5
25,0.4457407407407407,0.6618333333333334,-8.620685185185183,0.11542962962962962,0.1634303425925926,0.2885576988888888,0.20604074074074075,0.31777222222222223,126.6733148148148,7Hvq85OU8T7Hsd63zNBwaL
26,0.4319382022471912,0.7940948651685394,-6.311241573033705,0.08198764044943818,0.07989187730337076,0.15083231432584265,0.2568657303370788,0.5071174157303371,136.6189550561798,5DZBnxCYzs32O2bbqK8KNg
27,0.4358385093167701,0.7430062111801243,-6.521590062111804,0.06361739130434782,0.13956996273291933,0.11625880906832298,0.2660776397515529,0.3643093167701865,121.30949068322985,4skJp5OKvcc9eKokiuhi2s
28,0.4740975609756098,0.7198292682926832,-8.715097560975611,0.04327317073170732,0.0827386731707317,0.08357535463414632,0.1962,0.6337804878048781,151.0059024390244,0mk9dVJMJF4fanFzeZo6K1
29,0.3965540540540539,0.9513378378378377,-1.8693513513513509,0.18464729729729729,0.08623219864864863,0.12532423310810809,0.18227432432432428,0.5282567567567571,131.42163513513512,0HutkALC7kq2L8b9bnZUkq
30,0.3752601092896173,0.8288633879781417,-5.430098360655738,0.06704207650273228,0.1429774677595628,0.2059422972677596,0.2687060109289617,0.5203797814207647,133.04296174863396,35C0NSLogAwImm8HAMqEmG
31,0.30170879120879124,0.8888351648351641,-4.813956043956043,0.10839670329670327,0.03612439714285715,0.5701321569230772,0.4112175824175823,0.12135934065934068,128.8762857142857,4V5obzWMr7BHZrjOiQwB4K
32,0.7975106382978724,0.6600638297872339,-6.194914893617018,0.1328595744680851,0.19602957446808508,0.08206368531914894,0.15251063829787234,0.5884042553191489,125.37912765957444,6gyhsZUy2fzzWZBRVPmOw4
33,0.4926923076923078,0.3086647008547008,-12.105888888888883,0.08048290598290599,0.6167959145299144,0.19380249324786328,0.16179487179487193,0.31351794871794864,114.92232478632477,0VeQgI9lzgoOMszAOq0iml
34,0.5699340659340661,0.4985494505494505,-10.197318681318675,0.09242527472527468,0.44762794505494496,0.1614882493406594,0.13540659340659345,0.4418428571428569,125.28554945054948,1d3CepUS2V6F3cP9YWNfUO
35,0.3313974025974026,0.4965454545454546,-9.753012987012982,0.08553246753246753,0.3365179325974024,0.34834121467532464,0.24242467532467515,0.18563766233766235,107.70483116883119,3Q2RrKEOBdkWI2MJQgdt84
36,0.4391189591078064,0.3480684014869889,-11.383293680297394,0.08910483271375465,0.7504950557620824,0.031013102713754667,0.26733531598513033,0.3805535315985131,111.00094423791825,41BaIYCli96MF2wqqOutBR
37,0.7034482758620689,0.581344827586207,-10.203793103448275,0.2255448275862069,0.6886206896551722,0.010239408620689654,0.15900689655172415,0.5380999999999999,111.42555172413792,1IMX8AG0s31WtvCLk4QEWJ
38,0.579808510638298,0.6631822695035461,-11.185851063829784,0.07409716312056737,0.2626639778723405,0.7756465822695033,0.16414822695035464,0.2967687943262412,127.76593617021263,4jRLhvF4a3NHs5TaR1lU3m
39,0.6990985915492961,0.7069999999999994,-10.596394366197183,0.07509154929577462,0.13213855492957746,0.7954929577464792,0.12345774647887325,0.4262802816901408,125.97715492957745,3UBeV2UkTunts46Pok3zQu
40,0.5629473684210525,0.7963684210526314,-8.170605263157894,0.1014815789473684,0.0968954042105263,0.5768466605263157,0.17643684210526314,0.3271526315789474,136.16476315789475,5b4g39OmFtyQcwYLSHCvsC
41,0.6076624999999999,0.6057375,-11.200287499999998,0.06908375000000003,0.16294448625000005,0.4382060946250001,0.17468124999999995,0.44513375,119.912325,1FVo44KTXqxo3JxXADWTd9
42,0.7919999999999999,0.7758533333333335,-7.9891999999999985,0.07685200000000003,0.017895233333333326,0.4594150666666668,0.11522399999999995,0.4658240000000002,123.58573333333332,0XfQBWgzisaS9ltDV9bXAS
43,0.688061224489796,0.6942551020408169,-11.683285714285715,0.07278979591836733,0.1372514989795918,0.8090483142857147,0.165,0.4271632653061225,130.79230612244896,2LMaARRMktW5O2umBFaQUu
44,0.5029666666666667,0.5358075666666667,-10.872466666666664,0.058096666666666665,0.2384683633333333,0.2862099366666666,0.1862466666666667,0.5310233333333333,143.09449999999995,6CV2CoWJJQafHkNVOJjqFO
45,0.6061944444444445,0.7537499999999999,-8.259527777777778,0.05256666666666668,0.12071740555555555,0.3801719255555556,0.17275277777777778,0.4173305555555556,126.34861111111113,1cUt6hBRKlav4TIgjopnHC
46,0.6054920634920634,0.3945873015873017,-13.097238095238097,0.08264761904761908,0.7259944444444446,0.29501793015872996,0.15868730158730165,0.3701777777777778,117.48339682539684,6fFcUOFcbjeIuEomuUthkw
47,0.5599444444444449,0.7931249999999996,-7.707687500000001,0.10912777777777777,0.052978930069444465,0.5649816434027777,0.23198749999999996,0.2876777777777776,137.11155555555558,1juz0H48u94THg3gHf0rGE
48,0.6121527777777778,0.5837916666666665,-7.159083333333332,0.07920972222222221,0.28915361111111115,0.11830099402777774,0.18891666666666665,0.3692069444444444,133.15763888888887,3sXErEOw7EmO6Sj7EgjHdU
49,0.7413095238095238,0.8817857142857144,-3.994333333333335,0.15510238095238096,0.06364595238095237,0.04567712880952381,0.27698095238095244,0.5933809523809523,110.02078571428568,2gyv1akuIB9fQvXoGSPaJr
50,0.6475,0.7312857142857142,-7.552023809523813,0.09078333333333334,0.01857590476190477,0.1079773814285715,0.22427857142857144,0.4935952380952382,128.54561904761906,3M3wTTCDwicRubwMyHyEDy
51,0.6230496688741721,0.5529490066225164,-12.73598013245033,0.10463046357615896,0.2807672847682119,0.6884944139072849,0.15596821192052987,0.3490370860927152,123.17600662251652,4Uhgu5miW68A3eqRl26xtf
52,0.534,0.5411999999999999,-12.3796,0.0473,0.032352,0.531412,0.10954000000000001,0.3702,118.284,7HbRQEEsvAKurr1v8YjwzZ
53,0.5133291666666667,0.4919791666666666,-13.613520833333334,0.06625416666666667,0.2947133916666666,0.36034276291666667,0.16679583333333334,0.35194375,116.93291666666669,3HKbW1X4Aj2RZU6ruh3a0e
54,0.5753859649122808,0.4965901754385966,-7.049140350877192,0.041678947368421065,0.5167668947368421,0.00025195228070175443,0.13947543859649125,0.4370877192982457,123.15235087719296,1WLEfsQjvgtFSGkrHonzFX
55,0.6096658362989328,0.6689931508896798,-7.968879003558729,0.08068825622775802,0.22479123843416374,0.196052693202847,0.25779857651245525,0.50079359430605,117.68319572953736,3vbKDsSS70ZX9D2OcvbZmS
56,0.5012788617886179,0.7673414634146345,-5.6523902439024365,0.043807317073170746,0.09748935113821136,0.3638038879674799,0.17260325203252042,0.5583804878048779,128.49808130081306,0epOFNiUfyON9EYx7Tpr6V
57,0.6476518218623483,0.6179931174089064,-10.208688259109326,0.07223886639676114,0.28999208178137675,0.5452992585020244,0.14113927125506073,0.4253846153846151,123.04809311740887,4aEnNH9PuU1HF3TsZTru54
58,0.4149047619047618,0.2233309523809524,-15.581523809523814,0.0533,0.8479785714285716,0.5004601523809524,0.14162142857142854,0.1574952380952381,106.94902380952381,4ZG4S6skttdVhHz08AjMhR
59,0.5213309941520471,0.7282017543859658,-7.110859649122809,0.06549590643274855,0.2597253134502926,0.3975871426900585,0.23600994152046784,0.600045029239766,124.13509356725146,23NIwARd4vPbxt3wwNnJ6k
60,0.5132442396313364,0.6125391705069126,-9.348142857142856,0.04668294930875578,0.4036923271889399,0.4809954614746542,0.21920322580645146,0.38291520737327184,124.84186635944693,2cCUtGK9sDU2EoElnk0GNB
61,0.6003410404624279,0.6380115606936422,-8.699826589595366,0.18174277456647409,0.3378243352601158,0.05983669884393063,0.1912971098265895,0.507696531791908,113.77354913294799,6eXZu6O7nAUA5z6vLV8NKI
62,0.5609130434782607,0.7511630434782609,-7.18617391304348,0.04913260869565218,0.1510374434782608,0.2044777747826087,0.20774891304347828,0.4020336956521736,120.44616304347824,06knYh538h5SI7OAEF8ek3
63,0.5565454545454546,0.7938000000000004,-5.246600000000001,0.04538181818181819,0.10614198181818177,0.01914233054545455,0.20304909090909093,0.6259454545454547,123.41098181818182,2vnB6tuQMaQpORiRdvXF9H
64,0.4109894736842106,0.4843429473684212,-11.670305263157893,0.06237157894736841,0.4190427578947368,0.2902028075789474,0.1758431578947369,0.22442526315789466,118.03549473684211,2WOMBqEsllg2ICn7D2L8ta
65,0.392161904761905,0.7856662698412696,-8.214365079365082,0.08716746031746034,0.11410365039682548,0.4896201349206348,0.4515353174603173,0.3730714285714281,123.4737182539683,6XYvaoDGE0VmRt83Jss9Sn
66,0.7293367346938775,0.7388163265306121,-5.345622448979594,0.14994081632653056,0.1406632959183674,0.04475543571428572,0.18509693877551026,0.5290204081632652,122.65677551020413,7rOlQwf8OuFLFQp4aydjBt
67,0.6396847826086958,0.6131304347826088,-10.431413043478264,0.1084739130434783,0.27063655869565195,0.4649373859782609,0.20308804347826087,0.4130010869565216,119.77490217391303,7A0awCXkE1FtSU8B0qwOJQ
68,0.5833925233644862,0.6135514018691588,-7.679028037383176,0.046776635514018686,0.3507897289719625,0.07502511009345794,0.1661429906542055,0.5588186915887849,124.01462616822434,40tHhop0T30DwienQBmTxb
69,0.397730612244898,0.4492380952380952,-9.547149659863946,0.04470136054421769,0.5905623741496598,0.15141442625850332,0.1627891156462586,0.2848789115646259,113.47884353741492,3Uqu1mEdkUJxPe7s31n1M9
70,0.5324554455445546,0.5582970297029705,-10.001415841584157,0.10013168316831683,0.3129987524752475,0.3255287787128713,0.15387920792079204,0.39506237623762397,108.25413861386127,3AmgGrYHXqgbmZ2yKoIVzO
71,0.42205263157894746,0.8113932330827068,-6.365007518796992,0.09216466165413532,0.1222284657894737,0.2571957703007517,0.20012932330827046,0.5614812030075187,135.15454135338345,0gvHPdYxlU94W7V5MSIlFe
72,0.3585524444444444,0.2694929777777778,-15.068128888888886,0.05306355555555552,0.5689627595555555,0.4495891715555555,0.1421884444444445,0.16704755555555548,107.87184444444445,0wz0jO9anccPzH04N7FLBH
73,0.4041000000000002,0.5075872727272728,-10.856609090909087,0.07208545454545451,0.3049969181818181,0.363437142818182,0.24222090909090915,0.2897190909090909,113.91559090909092,1njdH9zjRnlM561mWqEocW
74,0.4364500000000001,0.7887857142857142,-5.882714285714287,0.046975,0.05525211785714287,0.23216142857142855,0.20047857142857148,0.4557142857142856,134.1227142857143,5RMGElrEO6UepEfrrn0Qg4
75,0.6503162393162394,0.4891897435897437,-8.808512820512822,0.09625982905982904,0.3513774358974361,0.024374387606837616,0.20987435897435897,0.3907606837606838,119.76561538461536,7HO5fOXE4gh3lzZn64tX2E
76,0.5923982300884955,0.4745836283185841,-13.028920353982295,0.07808053097345129,0.5937229026548679,0.494679475221239,0.1776827433628319,0.4082676991150441,113.65828761061942,69qhRLDvsWJOhWGXXQ0lQQ
77,0.4715310344827585,0.7596068965517242,-6.799489655172413,0.04820620689655173,0.09921615227586206,0.01944094144827586,0.1359262068965518,0.44651448275862055,135.6627862068965,3SXwqSqAoBz9WCI9PDQzY6
78,0.5387184466019419,0.6563009708737865,-6.596048543689323,0.2932388349514564,0.2818353398058252,0.022626832233009708,0.2910970873786408,0.475511650485437,110.95152427184478,3A5tHz1SfngyOZM2gItYKu
79,0.6437234042553192,0.6273191489361701,-11.671744680851063,0.05176489361702128,0.29298644361702114,0.7817648744680852,0.1568276595744681,0.4189978723404255,117.93609574468086,7zpN81tVvPwlHcJSkSCyRa
80,0.501923076923077,0.30115384615384616,-11.03076923076923,0.07310769230769233,0.814923076923077,2.3374615384615384e-05,0.1514,0.17544615384615386,112.10253846153843,44Wn7ZjTg4vIBEg22A6AMZ
81,0.3295227272727273,0.8667954545454545,-6.039977272727272,0.1259431818181818,0.039255590909090914,0.06280603113636364,0.15578181818181816,0.4873636363636365,145.8440454545455,4Mbv7MoBUcLBWCuGBCxRf1
82,0.5597558139534885,0.7118116279069767,-7.097360465116278,0.06349418604651164,0.14633610465116278,0.029548044302325573,0.1725906976744187,0.6193500000000001,132.64320930232554,7fWD0BSDlixbj6YNQyHTLh
83,0.2765972222222223,0.8962500000000002,-4.929256944444443,0.17015694444444446,0.12478123500000005,0.5994306380555555,0.34057847222222204,0.2478666666666665,125.56957638888886,2og3FOCLYXT9H7IYE6QPUq
84,0.439725,0.6797625000000002,-7.6856375,0.12102,0.39697075,0.07986619862500002,0.27684000000000003,0.44212,120.69107500000004,0mL6LBSQ4bHe6hWq90KzHL
85,0.5864375,0.7444999999999999,-5.701281249999999,0.0526375,0.0049426874999999966,0.150346125,0.22941562500000004,0.66165625,139.94487500000002,2TwOrUcYnAlIiKmVQkkoSZ
86,0.6792486772486774,0.673333333333333,-8.072232804232803,0.18456613756613766,0.29287020105820105,0.014797047724867726,0.19020423280423285,0.6303158730158728,118.78540740740736,4nXXIxTneJksvGXrlmX8oA
87,0.6799655172413793,0.6395517241379309,-6.505862068965517,0.09333103448275863,0.33071931034482754,0.08330899517241377,0.11414482758620688,0.5080344827586208,119.27227586206895,69YKwunlA0xl2yMS12cyMu
88,0.4176278911564623,0.6895725170068029,-7.702925170068028,0.1096455782312925,0.09308007414965982,0.45267145292516997,0.2526591836734695,0.3243231292517005,105.7298503401361,5id3QE9SvJCxWwHVa0zRcD
89,0.4679415094339622,0.5139798742138368,-14.374176100628938,0.17016792452830187,0.3269854295597485,0.5700226855345912,0.19810943396226416,0.260525786163522,113.50194339622631,6WH1V41LwGDGmlPUhSZLHO
90,0.6373495934959347,0.7378528455284553,-11.381479674796749,0.1030162601626016,0.16902984853658534,0.8626204878048781,0.1640073170731708,0.22487235772357733,126.17088617886179,3jisZjR3TBVb9tIfTbRHTS
91,0.5862486111111109,0.5959222222222225,-12.521888888888896,0.12951111111111113,0.27320912375,0.706058277777778,0.16385138888888895,0.32860750000000016,124.79679166666664,7mKwhB3UiepqzM946jBOyi
92,0.6256701612903226,0.6193358088709676,-12.186451612903221,0.14503064516129033,0.3573336153225806,0.7993999999999998,0.16352580645161288,0.3186830645161288,131.9638548387097,4XbQUkFYWthjpAPp96lHWt
93,0.5341821839080461,0.6414339080459771,-11.56844827586207,0.08598678160919543,0.18800217701149427,0.6814387524712646,0.18885632183908047,0.2589436781609196,129.18086206896558,20fUkJZtm2I6zdIuj2XpgV
94,0.6816212121212123,0.5992363636363637,-10.018621212121213,0.056904545454545465,0.07056360606060605,0.6619157575757573,0.1270606060606061,0.3216621212121213,118.7987424242424,04KmByEP6icXVY0PvJaMMp
95,0.6658543689320386,0.8144223300970881,-4.845000000000003,0.08648737864077671,0.10171051456310684,0.0018235321359223308,0.2213713592233012,0.5557004854368931,134.122572815534,6tzRZ39aZlNqlUzQlkuhDV
96,0.5145558823529411,0.6535475490196081,-12.204176470588243,0.06299558823529411,0.25570432549019595,0.7621350049019605,0.2371063725490196,0.3009774509803921,121.8129803921569,2eIDAcLKnWc4D350YyzvgS
97,0.6552857142857141,0.7745714285714286,-11.117968253968256,0.07878730158730157,0.12894105714285714,0.7668600301587304,0.16512857142857146,0.3145920634920636,130.58117460317465,4ha1AL8HqVr6WY9vSOow0n
98,0.756125,0.844375,-8.177625,0.055075,0.0063575,0.8231250000000001,0.10091250000000003,0.619,123.26,05zSozHG9kAvZTCmEo1fFT
99,0.6803521126760562,0.7904788732394366,-9.520859154929584,0.07988169014084504,0.032534397183098605,0.8101971830985918,0.17873309859154926,0.354450704225352,130.45390845070423,6JACkt5SfzTM7JmtvBEmIk
100,0.6686249999999999,0.7783828125000003,-9.820164062500004,0.10917890624999993,0.082901495078125,0.7275272026562498,0.18287968750000005,0.31035624999999994,133.35882812499997,4Ii6N7zTISiFbVsUPPD0sE
101,0.5308026315789474,0.6443026315789474,-7.525539473684208,0.08804342105263159,0.1448500652631579,0.3353238963157895,0.17103289473684205,0.2857105263157895,128.8248421052632,75BN2bMrpeLl89blBiaFuv
102,0.5303,0.5621,-11.0185,0.06843999999999999,0.15755324599999998,0.752,0.16146,0.25544,127.0149,1HkrZCBvUvk1nvBpR3uki3
103,0.7200320000000003,0.6529920000000002,-8.476448000000008,0.129788,0.1964557016,0.6108949196800001,0.14677440000000005,0.4143935999999998,129.94145599999996,3BKX2WA8UjZgTIJ2juyQ7G
104,0.6447741935483872,0.7322580645161288,-9.715806451612902,0.05313870967741936,0.09071450322580647,0.7543548387096773,0.17023870967741933,0.4000258064516128,122.81870967741936,4I8qgsaz4mQa9ICeCPibIF
105,0.6807142857142856,0.5758571428571428,-8.200095238095239,0.19412380952380956,0.3187561904761905,0.09145026,0.18529047619047614,0.4562666666666666,110.29457142857143,4AXLKUKQYoQHLw8Kb4WHd3
106,0.7196190476190477,0.8023928571428569,-9.705297619047617,0.09129761904761904,0.07814738095238097,0.8149761904761906,0.2096630952380953,0.3005821428571429,132.24245238095233,64kN9EkSTHYhda2FupL0KI
107,0.6768153846153848,0.5284000000000001,-9.051646153846152,0.24456923076923076,0.34303846153846146,0.025559741538461533,0.17681230769230769,0.5127200000000001,102.30321538461538,3qEnCAnX23lvoxZYtBiPgL
108,0.7275942028985506,0.6903043478260872,-5.287840579710146,0.1301594202898551,0.24063086956521754,0.010433353043478264,0.17881159420289855,0.5672289855072463,123.578,1bAftSH8umNcGZ0uyV7LMg
109,0.6417441860465117,0.5598023255813952,-8.207034883720933,0.130403488372093,0.3531039534883721,0.042886263720930254,0.17547674418604653,0.39516511627906986,112.29336046511627,1CoZyIx7UvdxT5c8UkMzHd
110,0.5294404145077719,0.6286476683937819,-8.756487046632117,0.2733823834196891,0.2137805290155442,0.07932447720207256,0.33631554404145064,0.40219792746114025,109.47466321243526,4V8LLVI7PbaPR0K2TGSxFF
111,0.6556739130434783,0.3054473913043477,-11.331684782608693,0.08828260869565219,0.7735749999999999,0.12602322141304348,0.1252445652173913,0.3798641304347827,119.0503043478261,7h0Xj4rDQMndEq2JsZZVzM
112,0.5937378048780488,0.5105176829268294,-9.937902439024397,0.09943536585365853,0.5420688414634144,0.006216713170731706,0.2456067073170733,0.6219920731707315,112.05706707317076,0cTSCsVx04SSht9V6cpKN0
113,0.6069257950530035,0.6648515901060074,-8.499586572438169,0.0952427561837456,0.1957232593639575,0.23897638855123685,0.2887109540636041,0.5170332155477033,116.80926501766778,3AA28KZvwAUcZuOKwyblJQ
114,0.4032742616033754,0.4720101265822783,-10.8473417721519,0.05515316455696198,0.4705538122362872,0.06760766139240508,0.3026759493670887,0.30844177215189866,116.35983122362863,4UXJsSlnKd7ltsrHebV79Q
115,0.3672738095238095,0.37471053571428603,-13.956297619047627,0.0578297619047619,0.6230548809523805,0.25245265363095243,0.18679523809523813,0.21090297619047607,110.28661309523814,5eerVxtb9lY9p6D7m89Bs7
116,0.4730121951219513,0.5990487804878051,-7.540451219512196,0.0430719512195122,0.3576776219512194,0.15659704085365855,0.16143170731707313,0.3545292682926829,116.81056097560976,4vAQ4M7vgItwBtmBTgRu48
117,0.4836547999999997,0.4790883999999999,-13.144579999999996,0.11486559999999993,0.2920280523999999,0.34934269063999995,0.28945960000000004,0.2518256000000001,114.86182000000002,7KomCxZv6D5qCVvefwMnwB
118,0.4610867924528301,0.653227441509434,-11.013230188679245,0.06703735849056605,0.14216623132075473,0.18684912052830185,0.2492184905660377,0.43794415094339617,127.88241132075471,5N5tQ9Dx1h8Od7aRmGj7Fi
119,0.3950593220338983,0.5835805084745765,-8.689461864406773,0.03171186440677968,0.3903581779661018,0.585181175084746,0.1489906779661017,0.2348525423728813,122.81641525423723,56ZTgzPBDge0OvCGgMO3OY
120,0.6667719298245615,0.6711929824561402,-7.285210526315789,0.2555070175438597,0.2491700350877193,0.042358116666666674,0.21711578947368415,0.45451929824561405,124.66570175438595,3r1XkJ7vCs8kHBSzGvPLdP
121,0.7180232558139531,0.7498976744186046,-7.487809302325583,0.14843720930232565,0.08286917302325586,0.22457304441860476,0.2125827906976745,0.5417869767441861,123.9456604651163,6nS5roXSAGhTGr34W6n7Et
122,0.6489622641509433,0.6244150943396225,-9.092490566037736,0.10860188679245282,0.08484901886792455,0.1261678039622642,0.19446792452830192,0.5477169811320753,113.53652830188679,6dHMq5KZ8ScqdzsCKGagdo
123,0.6250123456790125,0.5221283950617284,-9.87946913580247,0.21956049382716056,0.4353971604938273,0.034657297283950624,0.17750246913580242,0.5074666666666666,111.28453086419752,4UodukR17NIQfNu5uaqm9B
124,0.5692459016393442,0.8235491803278692,-4.307639344262295,0.09654262295081974,0.14570037049180312,0.18417458614754104,0.17510983606557376,0.4517065573770493,126.63963114754095,5V1qsQHdXNm4ZEZHWvFnqQ
125,0.3971666666666668,0.8200616666666664,-6.181022222222228,0.07521277777777781,0.03642477222222221,0.14113369000000006,0.3621388888888888,0.3114416666666667,118.7941944444445,75mafsNqNE1WSEVxIKuY5C
126,0.4658356164383564,0.5281712328767125,-9.524712328767123,0.07099794520547947,0.5085691780821923,0.2609379301369861,0.3444869863013698,0.21773287671232855,114.04143150684929,4wyNyxs74Ux8UIDopNjIai
127,0.6695319148936172,0.7031914893617024,-7.472659574468081,0.05065319148936173,0.03053884042553192,0.46921414893617,0.20311702127659567,0.5183617021276595,130.42493617021273,3uX1tstdmFJyxW9b5mSNlU
128,0.5033833333333333,0.5669666666666665,-9.326599999999996,0.04464833333333336,0.3376495933333333,0.216142135,0.1381908333333333,0.4716974999999998,123.50389999999996,1goerABWhGQPWKhMCZeJ68
129,0.4427313432835819,0.8661492537313433,-6.080014925373132,0.07463134328358209,0.031535270149253725,0.16387782537313433,0.21442238805970146,0.43961641791044775,128.6781343283582,4IeWU3NYBI9mISFVhzXG8f
130,0.3609238095238097,0.8302440476190479,-8.82026785714286,0.07504999999999999,0.023912248690476198,0.3264952320238096,0.2197446428571427,0.4264238095238094,128.77122023809522,0Fj0cWPHOpexJCZRdSHioP
131,0.4397866666666669,0.7981466666666666,-6.668026666666669,0.05320533333333335,0.0978191774666667,0.6605286000000002,0.191328,0.42398,135.05671999999998,4OrizGCKhOrW6iDDJHN9xd
132,0.5589249999999999,0.5178750000000001,-7.719350000000001,0.043805000000000004,0.3052369325000001,0.047646832999999986,0.17129,0.29244499999999995,107.28365,4Ge8xMJNwt6EEXOzVXju9a
133,0.51769,0.6011500000000003,-11.465760000000005,0.081068,0.25807486560000004,0.5822359419999998,0.28734699999999996,0.289407,118.23714999999994,2o7L9DNcmzocYll1o0GGTU
134,0.4334409937888199,0.7215093167701864,-6.982142857142861,0.08490621118012423,0.12752956726708078,0.10923267198757762,0.19980434782608705,0.5168043478260871,126.90772049689434,42JGb29XOsilEvx2TVQH5H
135,0.6377962962962961,0.6769444444444447,-8.111703703703704,0.04372592592592592,0.27404025925925923,0.1896977340740741,0.18665740740740744,0.7211666666666668,136.04931481481484,4vAuh0ifJRTcAxGeGNULIb
136,0.5434655172413794,0.5260827586206897,-9.618293103448275,0.05401379310344828,0.4504350948275863,0.04275018586206897,0.16415517241379315,0.4877913793103447,130.1655862068966,71LogL8lYEei6YssB4RyVD
137,0.5665200000000001,0.6646249999999999,-8.839275000000004,0.3477744999999998,0.18459723200000008,0.0093427881,0.2464480000000001,0.5253149999999999,111.189975,6NL31G53xThQXkFs7lDpL5
138,0.44127118644067787,0.7030508474576271,-7.756762711864407,0.040891525423728814,0.11928320491525425,0.2394753352542373,0.17874745762711866,0.4663525423728812,137.05971186440675,3MNvKeLzGSvOPtXJAjCOzf
139,0.3196551724137933,0.9444022988505744,-5.653425287356322,0.08639540229885058,5.957287356321838e-05,0.6136309114942528,0.21567356321839068,0.16380459770114944,130.83863218390803,1epGwdbjU7JSGVBHlqptpx
140,0.2253882716049384,0.9305872395061734,-6.091348765432098,0.13147067901234571,0.004678574074074072,0.590585092932099,0.3118601851851853,0.11480956790123452,114.6683641975308,3UqRgrDIQ208yNGiWKRMNt
141,0.4596886363636362,0.4691068181818182,-14.842363636363638,0.12832727272727276,0.4841967090909092,0.6805522727272727,0.16990454545454547,0.18011136363636365,120.98545454545454,2A0pTCoXdqG0VjhMWLArMr
142,0.4341951219512195,0.4894439024390245,-10.325097560975609,0.050346341463414636,0.2230408780487806,0.2573009141463413,0.1692414634146341,0.2784439024390244,125.515756097561,3PP6ghmOlDl2jaKaH0avUN
143,0.520015625,0.51228125,-8.473296875000003,0.08916406249999997,0.487125,0.06845899062500001,0.190590625,0.4136984375,121.204828125,70GBRlKEGjfueop2lfdQ4Q
144,0.6197058823529411,0.7018588235294118,-8.654558823529412,0.15199705882352946,0.20296857647058825,0.5522491176470589,0.22699411764705885,0.2991617647058823,134.07870588235292,5n30EjOcjTVG11vtfNKbsd
145,0.6310961538461536,0.5198663461538462,-12.471259615384609,0.06348173076923076,0.4338018980769232,0.8256325865384616,0.14827019230769228,0.3847836538461538,128.25426923076924,5As9k4aeJ897xlMRrFp8mE
146,0.8357777777777777,0.523,-10.00338888888889,0.2480555555555556,0.26188,0.012620305555555556,0.16287222222222222,0.5353888888888889,119.85044444444445,11zGi8URbhNbTEtauBUnme
147,0.5465626168224303,0.6225728971962617,-11.116158878504674,0.10553084112149537,0.2488589852336448,0.6903047376635514,0.19027663551401866,0.29761308411214943,128.72120560747658,7sdETEHtFrBJARdIVvf8Mv
148,0.6865361445783137,0.7161204819277109,-9.056,0.076033734939759,0.1162423843373494,0.4072727802409637,0.19504036144578304,0.5584180722891567,122.47372289156624,4LSAINMy65w69vnT4xUq1b
149,0.4323385321100917,0.5469687844036698,-14.653174311926605,0.11566513761467888,0.3668587564220182,0.6237876325688076,0.2043545871559633,0.3495903669724767,122.4249633027524,4mtHSXwIHihO6MWNq5Qoko
150,0.75625,0.6687500000000001,-7.1412499999999985,0.14165,0.124475,0.346625,0.25827500000000003,0.4045,94.86325,0YmokPIhVketCTSXBRp20R
151,0.7865593220338982,0.602915254237288,-13.117915254237293,0.16234406779661015,0.07679553644067799,0.3491519123728816,0.20000677966101696,0.5615830508474575,108.01001694915254,2YTyoyU90b3CF5x91YjVaQ
152,0.6023086538461538,0.6633362499999998,-9.61745192307692,0.04277692307692306,0.17472212980769236,0.7255201923076924,0.12885673076923074,0.4193644230769231,125.95276923076923,4iom7VVRU6AHRIu1JUXpLG
153,0.5836043103448274,0.6112232758620689,-16.422258620689654,0.07706551724137932,0.3481246543965517,0.8847068965517239,0.14552931034482766,0.3747310344827587,127.60828448275869,78x5Xzi7CUmQZtZfFYBK9m
154,0.6552857142857141,0.7745714285714286,-11.117968253968256,0.07878730158730157,0.12894105714285714,0.7668600301587304,0.16512857142857146,0.3145920634920636,130.58117460317465,4ha1AL8HqVr6WY9vSOow0n
155,0.4890150375939852,0.4358135338345864,-10.833090225563913,0.05029699248120302,0.5526514511278194,0.16693797210526318,0.1612676691729324,0.39837894736842105,117.10909774436092,5QdyldG4Fl4TPiOIeMNpBZ
156,0.7190697674418607,0.7056976744186046,-5.9570465116279046,0.10030232558139536,0.2025360348837209,0.009981950232558141,0.15196511627906978,0.5235627906976744,111.85320930232557,4F4pp8NUW08JuXwnoxglpN
157,0.6016954732510292,0.801263374485597,-4.458728395061724,0.0904378600823045,0.08713171069958843,0.03170584222222224,0.19489465020576144,0.5172876543209873,125.94315637860072,25uiPmTg16RbhZWAqwLBy5
158,0.5294404145077719,0.6286476683937819,-8.756487046632117,0.2733823834196891,0.2137805290155442,0.07932447720207256,0.33631554404145064,0.40219792746114025,109.47466321243526,4V8LLVI7PbaPR0K2TGSxFF
159,0.4883469387755102,0.9079183673469388,-4.7164081632653065,0.04466734693877551,0.07567421020408162,0.2685233877551021,0.1845693877551021,0.4738081632653063,126.3462857142857,7KjdFWj7ujhSLbzWYAAgVe
160,0.4058815533980584,0.777702427184466,-7.535271844660198,0.09778980582524284,0.0858298065048544,0.5319404854368932,0.22042087378640776,0.4047631067961168,119.51751456310673,3WaJSfKnzc65VDgmj2zU8B
161,0.6069257950530035,0.6648515901060074,-8.499586572438169,0.0952427561837456,0.1957232593639575,0.23897638855123685,0.2887109540636041,0.5170332155477033,116.80926501766778,3AA28KZvwAUcZuOKwyblJQ
162,0.6884007352941177,0.6870000000000002,-5.615753676470582,0.08170404411764717,0.09278330147058828,0.006592771029411764,0.16451102941176454,0.5505330882352939,112.02514338235292,6M2wZ9GZgrQXHCFfjv46we
163,0.6120746268656718,0.5481194029850746,-7.688985074626863,0.07872910447761193,0.4230038597014921,0.02680291223880597,0.1751074626865671,0.4702686567164178,120.56804477611936,0nnYdIpahs41QiZ9MWp5Wx
164,0.4360094339622642,0.6998377358490566,-8.332943396226417,0.0751641509433962,0.33329800943396226,0.4561158835849056,0.1966301886792453,0.5867320754716979,120.88863207547165,48dgx7iGqLQ3E5KO3pzd94
165,0.6942756345177665,0.5578741116751268,-9.207984771573603,0.07410456852791883,0.26460253096446723,0.5054571639593911,0.1407639593908629,0.5353842639593909,128.01469035532992,54QMjE4toDfiCryzYWCpXX
166,0.3734563106796117,0.6330145631067965,-8.972592233009706,0.03931067961165048,0.16928243970873785,0.2650231796116506,0.16041893203883498,0.3253330097087377,123.1911262135922,5rLsN2LxYaEPLa1N7I2mPB
167,0.392161904761905,0.7856662698412696,-8.214365079365082,0.08716746031746034,0.11410365039682548,0.4896201349206348,0.4515353174603173,0.3730714285714281,123.4737182539683,6XYvaoDGE0VmRt83Jss9Sn
168,0.6256153846153847,0.7520641025641022,-7.630512820512817,0.05598333333333333,0.17426128205128208,0.7612388461538462,0.135424358974359,0.3334897435897436,124.09811538461537,73A3bLnfnz5BoQjb4gNCga
169,0.7298636363636362,0.5498409090909092,-7.952318181818183,0.1749977272727273,0.3782618181818181,0.02714641272727273,0.15199545454545452,0.4299204545454545,124.6334545454546,6w3SkAHYPsQ1bxV7VDlG5y
170,0.686875,0.5293,-6.9749,0.06566499999999999,0.446068,0.028597411,0.11491749999999998,0.5089899999999999,116.43422499999996,7xBGi7Eign0fX7jGQj5KlJ
171,0.36329881889763793,0.6825188976377955,-7.981913385826773,0.04276889763779526,0.10185289161417334,0.4300802151968503,0.19206574803149606,0.3569814960629921,122.33259448818896,0WPY9nnBy01s5QOt4o4oQX
172,0.3805549132947977,0.5289994971098264,-10.872641618497115,0.054505780346820805,0.3076888212138729,0.5841786913872836,0.14758786127167636,0.2795699421965317,122.69997687861277,72X6FHxaShda0XeQw3vbeF
173,0.6147681159420287,0.4708768115942031,-12.011478260869561,0.06339130434782614,0.19881487681159427,0.7176744586231885,0.2679666666666668,0.6434311594202903,101.52993478260866,2mVVjNmdjXZZDvhgQWiakk
174,0.4783768115942028,0.6115652173913042,-7.941811594202893,0.04044347826086956,0.20024469420289856,0.4489993043478261,0.15127681159420284,0.4503565217391305,126.0567536231884,7DlD7rLG9MKuvXtTeACzkO
175,0.6458518518518518,0.6056944444444446,-8.05913888888889,0.09766203703703703,0.2714503675925926,0.12366175537037034,0.23295,0.5692555555555555,112.36438888888887,6kGMx9MqwnbKR2EYvZvvrG
176,0.4404814814814816,0.6071296296296296,-10.142870370370373,0.06832777777777778,0.19317818148148155,0.20574381481481485,0.2390833333333333,0.2796148148148147,130.3867777777778,685XjGzGztyivfR3fAjoxo
177,0.4156618705035972,0.9086690647482012,-3.384705035971223,0.07272517985611505,0.021046528057553957,0.0859582032374101,0.17118489208633098,0.5592158273381297,125.50289208633087,3NqV2DJoAWsjl787bWaHW7
178,0.7367592592592592,0.6626111111111109,-6.094666666666668,0.12958703703703706,0.11139805555555553,0.029662543703703706,0.1829481481481481,0.5804259259259259,123.85335185185184,3PyJHH2wyfQK3WZrk9rpmP
179,0.7261381215469616,0.6328729281767951,-6.407430939226525,0.16863812154696134,0.1522663370165746,0.0021075372928176803,0.20794254143646404,0.4556359116022097,125.75402762430929,699OTQXzgjhIYAHMy9RyPD
180,0.6184566666666663,0.6101033333333338,-8.328646666666671,0.21295799999999987,0.24302073,0.02604557900000001,0.2668666666666667,0.5276483333333334,114.37217666666656,0TkqXdyWLsssJH7okthMPQ
181,0.3929999999999999,0.8897619047619048,-4.935952380952382,0.07439047619047623,0.004628166666666668,0.2297567904761905,0.2287761904761905,0.3189857142857143,136.36085714285713,730AxBRvtXF3V72fwbqf1R
182,0.31066133333333323,0.5821173333333328,-10.459933333333332,0.05647799999999997,0.34613560053333353,0.4419127725333337,0.17837200000000006,0.2339286666666667,114.95928666666671,44pUNjqg4mExLyFHnB3Bqf
183,0.5935505617977529,0.7840292134831462,-7.527550561797751,0.0612202247191011,0.09316762044943823,0.5941244943820224,0.19701123595505626,0.531867415730337,126.5413258426966,7cCi9XoRu8Y1SyJ9c94fhc
184,0.22253106060606065,0.9226060606060604,-5.965015151515151,0.07535075757575754,0.001335166212121212,0.7355223560606061,0.3121636363636364,0.2820265151515152,131.14926515151515,1eiIIImNeUj3vpaocWqoOf
185,0.6984081632653061,0.6567755102040814,-5.9750204081632665,0.08962244897959187,0.2861093877551021,0.02507532612244898,0.15427959183673468,0.4490204081632655,109.86553061224492,5RJFJWYgtgWktosLrUDzff
186,0.5424415584415583,0.5317844155844155,-8.718285714285715,0.06693766233766232,0.4101490779220781,0.29181722857142856,0.1766571428571429,0.3607675324675324,127.83097402597394,335TWGWGFan4vaacJzSiU8
187,0.3439572649572649,0.898871794871795,-4.688777777777778,0.057149572649572676,0.03761093119658123,0.25545570632478626,0.16994273504273508,0.7062991452991452,138.87678632478634,5vnfKgHNYLnKeuFA6c2jJO
188,0.4871999999999999,0.4219799999999999,-10.877812499999996,0.08864124999999998,0.5622375487500002,0.20280270300000008,0.18293125,0.357485,123.73906249999996,40sPlPGgON8MBAiW4CIFTP
189,0.539079646017699,0.40740707964601774,-8.894530973451326,0.04419911504424778,0.4677900000000002,0.021644792477876103,0.15217433628318586,0.3201495575221239,108.74928318584074,11dABkjSoOjcP9p3TFSNRj
190,0.35703287671232875,0.334078602739726,-18.439726027397267,0.07932054794520546,0.477427493150685,0.7846726027397258,0.1418739726027397,0.13083424657534248,111.19168493150684,1fIzM2bmsXG77E5EMPtdKW
191,0.6807499999999999,0.7530277777777776,-7.731314814814817,0.0964601851851852,0.12427746018518515,0.489724365,0.1654138888888889,0.4843037037037034,132.53349074074075,1Ysz8yMgr4g1Ol3l1m3yOt
192,0.64622,0.6648899999999998,-9.884789999999999,0.061294000000000036,0.206996703,0.5352569960000002,0.17725300000000005,0.4195930000000001,121.57513999999998,7wXTWO45lqpUejDkike0Gf
193,0.7709166666666668,0.6907708333333332,-7.5048958333333315,0.11717500000000003,0.11761229166666665,0.07998959083333332,0.1341625,0.5099583333333334,124.35352083333332,6aDX1jzNVAI9enlQzW0Pgw
194,0.735857142857143,0.5880952380952381,-10.82242857142857,0.16613333333333333,0.2287968571428571,0.10686064476190477,0.21311428571428573,0.6734761904761906,131.904380952381,6jlSEjqfJnED7otnU0lRoy
195,0.5780819672131148,0.6435737704918032,-8.435590163934428,0.17145573770491807,0.2624861459016393,0.13974058819672125,0.2405524590163935,0.3054163934426228,123.60257377049184,1vlBj1Zv2y6dCNdGeIBsNo
196,0.6401946902654867,0.7628495575221241,-8.96328318584071,0.058477876106194676,0.07123128654867256,0.7169399946902657,0.17705486725663713,0.4878292035398227,113.2944778761062,1YvN5uOGQkHVUUlZUcnotD
197,0.529,0.7776124031007751,-9.11917054263566,0.15471782945736434,0.0737923696124031,0.5789823367441861,0.2582077519379843,0.2222643410852714,128.0858604651163,0NwRAG9DawUqqgur9925fA
198,0.550342105263158,0.8399736842105266,-7.654842105263159,0.07586052631578948,0.009508315789473684,0.4557713157894737,0.2691105263157895,0.16893157894736846,133.5605526315789,0pkLgeB9j465x1QB2kRoy4
199,0.6094615384615383,0.8641025641025641,-6.645948717948718,0.043228205128205126,0.022304828205128205,0.539251794871795,0.1702205128205128,0.299425641025641,129.57884615384614,6HabM2PUM519iIxervGWSb
200,0.6430350877192983,0.8396842105263159,-8.090333333333334,0.054333333333333365,0.048987932280701765,0.7658290456140352,0.21088947368421065,0.3408473684210525,132.04254385964916,7yF6JnFPDzgml2Ytkyl5D7
201,0.529,0.7776124031007751,-9.11917054263566,0.15471782945736434,0.0737923696124031,0.5789823367441861,0.2582077519379843,0.2222643410852714,128.0858604651163,0NwRAG9DawUqqgur9925fA
202,0.6407619047619048,0.8296666666666666,-7.489253968253967,0.07076666666666671,0.17091799047619047,0.4624178103174602,0.17920000000000008,0.5399714285714285,134.27071428571426,5RMLpCv3ic2KtGnqJ7eMG4
203,0.5073112582781458,0.7764642384105955,-8.66453642384106,0.11491258278145687,0.08516527019867551,0.6149034337748347,0.2212211920529801,0.2416079470198676,132.65899337748345,4z8y2MjTFwLa73dABYP1io
204,0.6041157024793385,0.5869566115702478,-10.589561983471077,0.07952066115702477,0.3329082954545455,0.21689316487603308,0.16477107438016525,0.5162045454545454,111.27468595041321,4fH73bVIwM24QrBqjTrhAA
205,0.5938815789473684,0.3993131578947369,-11.701039473684215,0.06175263157894738,0.5541471052631579,0.08597567434210526,0.15433026315789475,0.4143328947368421,116.61044736842108,3l0CmX0FuQjFxr8SK7Vqag
206,0.6918609625668449,0.8062994652406424,-5.342379679144383,0.1378818181818182,0.12444623529411765,0.06828881165775398,0.2097229946524064,0.5445903743315508,132.58114973262025,0QJIPDAEDILuo8AIq3pMuU
207,0.5012788617886179,0.7673414634146345,-5.6523902439024365,0.043807317073170746,0.09748935113821136,0.3638038879674799,0.17260325203252042,0.5583804878048779,128.49808130081306,0epOFNiUfyON9EYx7Tpr6V
208,0.5792212389380532,0.3991769911504425,-10.596132743362826,0.07346814159292038,0.5367636283185839,0.01796951646017698,0.17259646017699118,0.30308938053097345,107.47232743362824,163tK9Wjr9P9DmM0AVK7lm
209,0.5667,0.34290000000000004,-9.8602,0.03412,0.7307999999999999,0.0025815760000000004,0.14720000000000005,0.41851,123.6038,1bTVf9uk7d4iU9rcWfWj5S
210,0.5672719298245616,0.6425271929824562,-8.539894736842099,0.06605175438596489,0.3274791842105262,0.08950264271929824,0.2665842105263157,0.4076570175438599,131.40764035087716,2eam0iDomRHGBypaDQLwWI
211,0.4743235294117647,0.606176470588235,-9.456235294117649,0.04570882352941178,0.5141776470588235,0.5333882352941174,0.1333529411764706,0.3966500000000001,133.44849999999997,6styCzc1Ej4NxISL0LiigM
212,0.6492119815668198,0.7049124423963135,-7.388368663594472,0.2449013824884792,0.11390444562211988,0.0862830498617511,0.28168018433179737,0.4018506912442397,124.42010138248844,4RnBFZRiMLRyZy0AzzTg2C
213,0.6639200000000001,0.6526560000000001,-7.593272,0.08225839999999998,0.203062664,0.07587460456000003,0.16205440000000007,0.5518903999999998,128.97038400000002,1nIJEqPyIj5qutlgWNmQB0
214,0.700797297297297,0.7012567567567565,-5.701135135135134,0.08566486486486488,0.13590616216216214,0.03707009486486487,0.1749851351351352,0.6749729729729728,115.88537837837835,0NB5HROxc8dDBXpkIi1v3d
215,0.6817397260273972,0.7365068493150685,-6.664438356164385,0.10521780821917813,0.2368834383561645,0.0973468626027397,0.16454383561643826,0.5618904109589039,131.1563424657534,78rUTD7y6Cy67W1RVzYs7t
216,0.5259764150943393,0.6216872641509433,-7.875292452830188,0.04371084905660374,0.15406293636792462,0.05060359735849053,0.2368750000000001,0.4598938679245284,128.11950471698117,4OOlG5eBXSkSAAEeKjJb5Y
217,0.5428314606741573,0.652483146067416,-7.45187640449438,0.10477528089887643,0.3805606741573033,0.09091217438202248,0.2110786516853932,0.4210516853932582,113.185595505618,4XquDVA8pkg5Lx91No1JxB
218,0.7287980295566493,0.6518226600985223,-7.56324630541872,0.16504532019704427,0.26192546798029553,0.02472578325123153,0.1707556650246305,0.6271428571428569,112.56961083743843,3wcj11K77LjEY1PkEazffa
219,0.5355813953488372,0.7475348837209304,-5.7722093023255825,0.09144883720930233,0.17591253488372094,0.0562339027906977,0.19073720930232566,0.3428418604651164,139.85527906976742,1PNvaesh1mkKZucGhBuqgD
220,0.41155670103092784,0.7827515463917526,-6.11942268041237,0.05372268041237116,0.11495764762886601,0.20971605474226798,0.18528556701030927,0.4431690721649485,132.34432989690723,07KQg01nfkJUG5zgSKuJYK
221,0.4939690140845066,0.5243345070422536,-9.588873239436623,0.04385140845070423,0.36995020211267604,0.3522790719718308,0.16247676056338028,0.3021549295774647,115.728,7MoIc5s9KXolCBH1fy9kkw
222,0.6320594594594595,0.5802108108108106,-7.311199999999999,0.08159621621621622,0.2884799945945945,0.0007974377297297296,0.22604972972972975,0.4872000000000002,117.35906486486485,4fxd5Ee7UefO4CUXgwJ7IP
223,0.6957586206896551,0.6462758620689655,-5.481137931034482,0.12870344827586208,0.25321724137931034,3.4724137931034483e-07,0.1616586206896551,0.5722379310344828,125.72224137931036,4m6ubhNsdwF4psNf3R8kwR
224,0.4061453488372097,0.766276162790698,-7.218735465116287,0.048693313953488304,0.044664801017441885,0.4188319656976745,0.21494709302325574,0.38911976744186055,124.53668313953483,4rjlerN21ygkIhmUv55irs
225,0.37626865671641774,0.5372537313432836,-10.286552238805974,0.0863507462686567,0.5091565671641789,0.2876123835820896,0.13936567164179098,0.13717462686567167,118.4166268656716,1WZarnZpWEv7dDtjAETt4X
226,0.5773132530120482,0.7137349397590361,-6.5510843373494,0.15478795180722893,0.11088172289156632,0.018763680240963858,0.2309445783132531,0.5246807228915663,115.56986746987957,202HZzqKvPsMHcbwnDZx7u
227,0.3927937500000002,0.6492458333333334,-8.195500000000003,0.05588750000000002,0.18575254166666666,0.5251592541666668,0.17921874999999995,0.30250625000000003,129.18562500000002,18M7pJRsgFVjEBZ5ufmJAp
228,0.4558072289156627,0.6024096385542169,-7.893144578313247,0.06854939759036145,0.22714951807228906,0.2207249586746987,0.21900963855421687,0.1704180722891566,122.85065060240969,3luonLzvSOxdU8ytCaEIK8
229,0.6254374999999998,0.6633750000000004,-8.090662499999999,0.21546375,0.2956793500000001,0.04468525050000001,0.30087374999999983,0.5081,107.98508750000003,7fw0E8WHdG3r9SuPBcGmWk
230,0.713425,0.6514499999999999,-6.73345,0.28751249999999995,0.22869650000000002,0.02059312825,0.18136,0.512275,120.73605,290nCNEce1y6rfoJiO2rK7
231,0.579410810810811,0.6821243243243243,-8.037108108108107,0.05555567567567564,0.12552248378378375,0.3231974064864863,0.16854540540540544,0.3993572972972971,129.93328108108113,053q0ukIDRgzwTr4vNSwab
232,0.5565714285714286,0.4879285714285714,-9.831285714285713,0.0602,0.23900714285714286,0.2021337571428572,0.18330714285714286,0.26407857142857144,117.54642857142856,0tjJosKJDhjhGh2P8NtiK3
233,0.4068846153846154,0.7556538461538462,-5.3245,0.04766153846153847,0.06726880384615384,0.11372814230769232,0.20826538461538466,0.32407692307692315,132.22926923076923,6LlGOJmoJ97bhGx3UX2URn
234,0.3311675438596494,0.8520526315789475,-4.968921052631578,0.07114473684210526,0.07919397429824558,0.30393439938596484,0.30315701754385965,0.3151105263157895,131.2541403508772,6A6B4fkbxVlQtNASPk5e2e
235,0.6580120481927711,0.5864373493975903,-7.952650602409637,0.038585542168674686,0.4835744578313252,0.1660643734939758,0.16092650602409633,0.598713253012048,126.38577108433736,2SdK1QDmZIP2hk94rSaLl9
236,0.6369111111111111,0.6042277777777775,-6.771794444444442,0.07321944444444442,0.22677224444444435,0.08619985944444451,0.2275038888888889,0.5242133333333333,115.5789166666667,6iZTyHbQWGzpiWoyI0zz9F
237,0.6105232558139534,0.5269069767441859,-9.1105465116279,0.06218139534883721,0.3521647674418604,0.025830400930232547,0.20374069767441846,0.4760848837209302,111.06863953488373,6iWuBN32BqCJAeXW6o3nil
238,0.636313725490196,0.618764705882353,-8.487431372549022,0.052156862745098016,0.4961731156862748,0.17577316137254906,0.18320196078431386,0.6697647058823529,112.55992156862743,7qMC73hJTezS5KODuYn8ta
239,0.35425757575757577,0.6509696969696972,-6.813121212121213,0.038239393939393934,0.1718147353030303,0.29083824151515164,0.16790303030303022,0.25246060606060605,124.18015151515154,5MJEbh71qd0GTKQdKko3TT
240,0.6154761904761903,0.6135714285714285,-5.1552380952380945,0.0336952380952381,0.3640714285714286,0.00021228571428571428,0.143752380952381,0.5680952380952382,123.40885714285713,3VBNIRx1LxVdRqOiPgkLwv
241,0.659190476190476,0.5901666666666666,-7.893714285714286,0.052219047619047616,0.2363902023809524,0.06294079071428571,0.16563809523809528,0.4907857142857144,121.9949761904762,7DOERbtkx9aTLvWzZSB0qx
242,0.587810810810811,0.7152162162162168,-12.51295945945946,0.058777027027027036,0.308747972972973,0.8460903459459458,0.15298783783783787,0.3263945945945945,135.55225675675678,2DqPerh6whhlts8Pb0BUJi
243,0.6589166666666664,0.5266324074074074,-15.468879629629633,0.06944074074074072,0.2166699898148149,0.7949809023148147,0.16721203703703708,0.24001851851851866,124.7102222222222,6hjRjVNLWTCPYci9nxhI1G
244,0.6537572815533979,0.6399223300970878,-9.210533980582527,0.07298640776699025,0.2562635941747573,0.7021302621359223,0.16553592233009712,0.33098786407767,122.69699029126213,08Z0yhWGksNk3wceqlCeGE
245,0.6254549295774651,0.8337746478873241,-8.193063380281687,0.08851197183098587,0.059244978591549285,0.7015411619718308,0.18046267605633803,0.4038507042253521,139.4214225352112,4UUWo1AiaKMCi76yo69O1U
246,0.6974545454545459,0.6795545454545449,-10.491490909090906,0.0652913636363636,0.11318008000000013,0.4307019846363639,0.11979272727272733,0.4349522727272728,120.97170454545451,6wMr4zKPrrR0UVz08WtUWc
247,0.7773846153846152,0.8446923076923076,-5.435365384615384,0.14223653846153847,0.17627538461538464,0.001006676923076923,0.2691769230769231,0.7651730769230768,131.74763461538458,5SRr4ZJMoygWecytkIwlaV
248,0.400332,0.8284800000000001,-6.393480000000002,0.072866,0.13444863079999994,0.5664224400000001,0.25190799999999997,0.32681799999999994,129.76149999999998,2CYTLJOt91YLe1JLStFu6m
249,0.6221855670103094,0.6671752577319585,-6.669649484536081,0.09185257731958764,0.2423382577319588,0.08876919329896908,0.1698103092783506,0.528041237113402,123.92557731958763,23herDudxPBB3S81GB5uG3
250,0.4636676470588236,0.4673382352941176,-11.827529411764706,0.15519411764705882,0.44716769117647054,0.3741078010294118,0.18892941176470587,0.3039073529411765,117.84986764705879,3L3ejltt5dmjXkES4YSGKX
251,0.5452867924528303,0.5853809433962267,-13.337009433962267,0.048538679245283,0.3556015749056605,0.8658207547169812,0.17300283018867918,0.2611518867924529,120.44050000000004,1U9VJ1tPataidARB8IBkAk
252,0.6254659217877093,0.6594329608938544,-12.07074301675978,0.06248435754189944,0.1914567082122904,0.8084147547486035,0.1485603351955306,0.3101385474860336,122.24072067039101,7ug2B8FOnKHqwtVlD9vrQX
253,0.2617220447284345,0.2530168083067094,-22.982495207667718,0.05645047923322687,0.562576978594249,0.8133916389776357,0.13880702875399362,0.1032271565495208,107.49984345047922,5E3H2KyR31E2Dj3K6vIUe9
254,0.3933254385964912,0.5296824561403508,-13.488421052631583,0.10793947368421056,0.419685403508772,0.6902203764035086,0.183761403508772,0.1888736842105264,111.42480701754387,0F0QctWhGzgl1Ih560JzWJ
255,0.5713589743589742,0.7593846153846157,-7.451487179487179,0.05917692307692308,0.03651578974358974,0.5094416153846153,0.2230000000000001,0.3548717948717949,124.89074358974358,52qyXsgOeHZZxHRRxyO8xm
256,0.7692330097087379,0.6138058252427184,-10.500048543689326,0.1351203883495146,0.2748573398058253,0.6251780093203883,0.12949417475728156,0.47867864077669897,120.69717475728159,0OltT51j3hIkgaDJqqPzDn
257,0.6404722222222223,0.5440138888888889,-8.926194444444443,0.093,0.5100930555555554,0.0004106379166666666,0.13661527777777774,0.3937444444444444,113.67018055555552,3QVolfxko2UyCOtexhVTli
258,0.603635687732342,0.587695167286245,-8.690710037174712,0.06692899628252788,0.32636639405204504,0.07547316513011157,0.18920148698884764,0.4271836431226759,121.21383271375454,5Mq7iqCWBzofK39FBqblNc
259,0.6417441860465117,0.5598023255813952,-8.207034883720933,0.130403488372093,0.3531039534883721,0.042886263720930254,0.17547674418604653,0.39516511627906986,112.29336046511627,1CoZyIx7UvdxT5c8UkMzHd
260,0.8293712574850297,0.6728982035928148,-6.34894011976048,0.2671467065868263,0.07494646946107786,0.0015943549700598804,0.19155628742514974,0.5514550898203595,133.41737125748506,181bsRPaVXVlUKXrxwZfHK
261,0.6511739130434783,0.5043768115942028,-9.0603768115942,0.03955652173913042,0.3917059275362317,0.22488855014492748,0.15299565217391306,0.5485217391304349,125.13997101449269,29eGrPvxOuFDGOyOUi3RLq
262,0.4791457286432162,0.7879296482412064,-5.992130653266332,0.07627135678391958,0.15881717989949753,0.18484584969849227,0.24866733668341706,0.3524889447236181,127.42554773869352,3TNt4aUIxgfy9aoaft5Jj2
263,0.5781736842105264,0.6424157894736837,-8.154715789473691,0.14946105263157894,0.1876321810526315,0.12564510273684207,0.1944936842105262,0.540078947368421,123.46782105263159,1xU878Z1QtBldR7ru9owdU
264,0.4831755725190841,0.7753129770992362,-5.8157709923664145,0.06337022900763357,0.1587961679389313,0.21890430732824426,0.2363198473282442,0.4067717557251909,128.49306870229015,5INjqkS1o8h1imAzPqGZBb
265,0.5219999999999999,0.4313741935483871,-7.522096774193549,0.04015967741935484,0.5587477419354839,0.011015318225806451,0.14459516129032254,0.3247790322580646,113.59012903225808,49HlOY4gkHqsYG9GCuhkcc
266,0.5103183486238534,0.6603238532110094,-7.226568807339445,0.08513577981651378,0.2896859102293577,0.0520487235321101,0.2011082568807341,0.5345252293577984,124.21358715596321,1nRVWZrJJCFAfkRWtFFPj4
267,0.7503108108108111,0.6809459459459459,-5.3930135135135115,0.10366351351351352,0.1692032432432432,0.0005273037837837837,0.1522270270270271,0.5220932432432434,114.45059459459459,0EFisYRi20PTADoJrifHrz
268,0.6666956521739131,0.5974782608695649,-5.854978260869568,0.11459565217391306,0.38365869565217386,0.0030914706521739136,0.16789782608695653,0.5263804347826087,115.3415,2UZIAOlrnyZmyzt1nuXr9y
269,0.6759263157894736,0.7918105263157894,-8.258726315789477,0.058429473684210524,0.11608210526315785,0.6960821052631583,0.13391052631578956,0.4309305263157892,126.19251578947365,37YzpfBeFju8QRZ3g0Ha1Q
270,0.5088311688311686,0.6012207792207793,-7.758766233766236,0.05516493506493508,0.3923390909090909,0.0651727631168831,0.14956233766233762,0.4616129870129871,118.98253246753251,5X5UPn6eVnwfYcujIQpcfu
271,0.6107796610169491,0.49754406779661,-9.505728813559324,0.06421355932203389,0.5633844067796608,0.07140818847457626,0.16258135593220338,0.4706050847457628,123.37128813559325,5lWasZeo8uWQk6GD8czJLq
272,0.5510082304526748,0.5389041152263374,-9.960382716049377,0.05024938271604941,0.43583586090534976,0.1062351375308642,0.231824279835391,0.5476020576131688,124.21301234567899,503mwh1GWEiWy9bzzpiTFW
273,0.3677036734693877,0.4415032653061221,-11.801138775510207,0.04003387755102041,0.29116233567346955,0.8096604081632655,0.13282612244897954,0.13555551020408158,115.65228571428571,34UhPkLbtFKRq3nmfFgejG
274,0.7540333333333337,0.732555555555556,-6.035233333333334,0.10897555555555552,0.1350066666666667,0.011372336333333326,0.1842933333333334,0.6229333333333331,113.20158888888885,0GM7qgcRCORpGnfcN2tCiB
275,0.5402427184466024,0.33834029126213616,-13.872004854368924,0.04061359223300971,0.7434854368932037,0.11003738946601936,0.1517514563106798,0.3759300970873783,111.41262621359225,39ZEMGRv3pIYTYKEhr4Abu
276,0.6978372093023258,0.6784186046511629,-7.005534883720928,0.12047674418604645,0.1358779069767442,0.10374061883720932,0.22079651162790706,0.6060906976744184,131.75408139534892,1HvH97rzvCH6lfnLlgyfke
277,0.5613750000000002,0.7497291666666662,-6.7568125,0.1011177083333334,0.1587159318749999,0.2849187208333333,0.25121770833333323,0.5913750000000001,125.73773958333334,2nAKP6etu8wXNnezKXgqgg
278,0.6537008547008549,0.608034188034188,-9.772085470085466,0.057727350427350436,0.23233170940170925,0.240296023931624,0.15697692307692312,0.75794188034188,119.55172649572657,37PL04N8kBWWW69jdrMMWT
279,0.4336923076923075,0.793802197802198,-6.413967032967032,0.04502857142857143,0.0807829868131868,0.19568936153846156,0.1937824175824176,0.6196593406593407,131.57805494505502,65mMkD9WW39U9Yadv0dWUF
280,0.5432231481481483,0.7069162037037034,-6.872972222222222,0.04659675925925925,0.1578042027314815,0.0987921393518519,0.18349166666666664,0.4777726851851852,123.3444074074073,7pyhre5oEEFMqcgMEvJY7q
281,0.5840294117647059,0.6045382352941175,-10.298544117647063,0.11528088235294115,0.39968473529411785,0.1904270448529412,0.24114558823529425,0.31511470588235296,123.69904411764708,4oLeXFyACqeem2VImYeBFe
282,0.68175,0.33625000000000005,-13.99125,0.041425,0.59,0.00753925,0.1125,0.21535,128.56125,5asecBdhCgsGfPIsAoNs1R
283,0.5668737864077669,0.6368932038834952,-8.964038834951452,0.056596116504854375,0.29322321262135914,0.2217606972815533,0.1917689320388349,0.5235165048543692,126.94130097087375,3rD7bBI9zkYhu62o79tWe6
284,0.4358385093167701,0.7430062111801243,-6.521590062111804,0.06361739130434782,0.13956996273291933,0.11625880906832298,0.2660776397515529,0.3643093167701865,121.30949068322985,4skJp5OKvcc9eKokiuhi2s
285,0.2671584158415842,0.7166415841584162,-8.156148514851482,0.06385643564356436,0.07499522524752476,0.6782147824752476,0.2327831683168317,0.18949207920792085,125.075,3XFQRe2FsSOjrODygK4caW
286,0.5655161290322579,0.5826258064516129,-8.853064516129034,0.05040322580645161,0.2948460967741936,0.09205879516129033,0.16952580645161294,0.4838709677419354,122.77016129032258,3C1CPJ9K2aeHuj1x22B0qJ
287,0.5441929824561405,0.7248508771929829,-7.88035087719298,0.04675438596491231,0.14626067754385969,0.4977446024561404,0.1913552631578948,0.4560929824561402,123.90539473684215,1nVq0hKIVReeaiB3xJgKf0
288,0.6918787878787876,0.6573636363636362,-6.6341515151515145,0.1380181818181818,0.12691321212121215,0.005569019393939394,0.17764848484848492,0.3762181818181819,125.68830303030306,1jB62pOe5WpGiHOBDtKBBG
289,0.3313839999999999,0.7952640000000001,-9.17808,0.108318,0.12731309319999998,0.7534000000000001,0.263056,0.07959,127.99161999999998,7h8V7XHdJ3akShW3uFaZyn
290,0.4511952662721893,0.499566272189349,-12.156467455621298,0.12236804733727807,0.5418992751479291,0.3643374817159765,0.2811538461538459,0.3914082840236685,111.44992899408285,59lypjMPo7ZILhNMCgaE19
291,0.6626621004566214,0.6072800913242011,-10.73020547945206,0.07698127853881277,0.22618310031963465,0.6274527169863013,0.12902557077625582,0.3361173515981736,115.92073972602735,00JAfwtx5gNiiqyor88Dr5
292,0.3621531914893617,0.5023052340425532,-12.83336170212766,0.0677723404255319,0.4132939691489363,0.7348910531914895,0.16266702127659574,0.1977893617021276,120.29604255319143,61WgG5fz5ilJrMne7tE1zu
293,0.6765979381443297,0.6331463917525773,-10.595680412371133,0.0703577319587629,0.134946406185567,0.659450237113402,0.18288762886597934,0.3847340206185568,125.10691752577316,4rdJkXHNrMgowlwUdQAg8T
294,0.7455428571428571,0.7311714285714288,-8.012657142857138,0.09655142857142857,0.07695510071428573,0.5198280137142854,0.13363999999999995,0.4679485714285716,127.90499285714279,2EFsfh1zewsSWhDINv7j1I
295,0.541355294117647,0.8310823529411764,-8.165917647058821,0.08634117647058824,0.07451573694117647,0.7323820148235293,0.2327352941176471,0.39809294117647054,144.56544705882354,2TFDQkQ7LahhuwL9p7R6MO
296,0.6320077519379845,0.5649922480620155,-9.270534883720932,0.12567441860465114,0.3441121689922481,0.06342629922480619,0.15065736434108531,0.4352193798449612,124.42196124031008,3X2DdnmoANw8Rg8luHyZQb
297,0.45839109947644,0.5843670157068062,-14.064895287958114,0.053879581151832466,0.3139701996858639,0.8280257068062825,0.15346439790575922,0.20286910994764396,117.44115706806288,1EULJuDFWpZ9xg4YwtUGGt
298,0.6389782608695651,0.794217391304348,-8.220391304347823,0.1064891304347826,0.05320725869565217,0.6816500000000001,0.1812434782608696,0.4877630434782609,139.1331086956522,5igyz9vWH6ban6NMfKeCir
299,0.6522739726027397,0.9407534246575344,-8.365506849315071,0.07572191780821917,0.04578210726027397,0.6768536986301371,0.17693424657534246,0.5180164383561644,162.25153424657532,2XtrsBob50yrdPKaWPJI9E
300,0.6701388888888888,0.5910555555555557,-8.005722222222222,0.07461944444444445,0.13110166666666667,0.16752619166666669,0.2823777777777777,0.4517222222222223,99.12200000000001,6ydvoGN30eRfE78bjTANF7
301,0.5680977443609023,0.6839203007518799,-7.674932330827064,0.0813315789473684,0.2415323909774435,0.2643995033082707,0.20767293233082693,0.34907744360902265,135.31321804511276,5T68nryXXOMNE2kVe61fKX
302,0.7806666666666672,0.6624444444444443,-11.950222222222221,0.08352083333333334,0.06856342423611107,0.7939111597222221,0.11900763888888885,0.4424652777777778,126.96268749999996,6EVc5gJQXiUl586m1NFCNH
303,0.6999655172413793,0.5952413793103448,-6.241344827586207,0.17775517241379307,0.13158827586206895,0.005671390344827587,0.12035172413793102,0.5110689655172415,124.60989655172415,6GP540ZTiOPTz8uI76k43u
304,0.202,0.47963500000000003,-15.387666666666664,0.04088333333333333,0.7186666666666667,0.9111666666666666,0.09254999999999998,0.07861666666666668,115.26983333333332,0osYTSrOpW6YESEC1lClwN
305,0.6389782608695651,0.794217391304348,-8.220391304347823,0.1064891304347826,0.05320725869565217,0.6816500000000001,0.1812434782608696,0.4877630434782609,139.1331086956522,5igyz9vWH6ban6NMfKeCir
306,0.4936467889908259,0.7072568807339448,-7.28922018348624,0.08334678899082569,0.16890830807339458,0.3948905005504588,0.17979862385321094,0.2658678899082569,138.7023623853211,2SYqJ3uDLLXZNyZdLKBy4M
